{
  "project_info": {
    "project_number": "126551295840",
    "firebase_url": "https://couples-5d961.firebaseio.com",
    "project_id": "couples-5d961",
    "storage_bucket": "couples-5d961.appspot.com"
  },
  "client": [
    {
      "client_info": {
        "mobilesdk_app_id": "1:126551295840:android:d1a87f1d141e5822",
        "android_client_info": {
          "package_name": "com.couples.chats"
        }
      },
      "oauth_client": [
        {
          "client_id": "126551295840-opdht94kokj0mho0qqcdpos62d5559a3.apps.googleusercontent.com",
          "client_type": 3
        }
      ],
      "api_key": [
        {
          "current_key": "AIzaSyAeyttKJsFGeiAvEFcG8fSFVMvbfW8IhyE"
        }
      ],
      "services": {
        "appinvite_service": {
          "other_platform_oauth_client": [
            {
              "client_id": "126551295840-opdht94kokj0mho0qqcdpos62d5559a3.apps.googleusercontent.com",
              "client_type": 3
            }
          ]
        }
      }
    }
  ],
  "configuration_version": "1"
}